iter	Logloss
0	0.6855509595
100	0.5165778803
200	0.5121259541
300	0.5108927053
400	0.5099943014
500	0.5090845739
600	0.507962303
700	0.5067363964
800	0.5056263504
900	0.5045960606
999	0.5035522993
